path,sha256,size_bytes
.github/workflows/tests.yml,3e9f2acf3c16b8c40e0ba706a9f03416633f59fa7f47c5a7cf2e0b9a8d8755e9,416
.gitignore,155c5b3c35a183f23811256a0d2f35cbe8c4454279e3ac5932c3452bbdc85dcb,103
.zenodo.json,cfe1cc4d269c2a3568dc7bc18db3924becb6cb0e4738cb3566d78efb4099a391,709
AI_USE_DISCLOSURE.md,b5bb4125d64906af3d4076388bf1d9774c34d1afaa461ec837d85288908427cc,3005
CITATION.cff,15d76767a7448610035c7b0474d8ecb63e9da70b1e6dd6e3f992fe6c7d181396,534
CONTRIBUTING.md,9051d2b57c60942fc7f9d40b643eecdcbf93bdcd90a3b6367ecb178c2f0babf1,555
LICENSE,790cc14c422ec00c09be0db38cb166c727b6be79d41c03575c5e0697ec83ac5a,1088
README.md,177ac25224c3b739215ce346708455b9c109f810b88f136c15edb947e49f4bd6,4721
archive/v1/extracted_code/geneva_semi_synthetic_v1/MANUSCRIPT_METHODS_SEMI_SYNTHETIC.md,acd4daf020bb452a753b03b342f3fdd5f1f1bc0ae0aef2e82e8361d9d3e72480,1440
archive/v1/extracted_code/geneva_semi_synthetic_v1/PREEXECUTION_MANIFEST.json,63219ab7ad05cc64d133a0c45c9ee58a4611a5c90bf650bc522a6ba27e04424a,514
archive/v1/extracted_code/geneva_semi_synthetic_v1/README.md,84fc691c10da90e32b87fa368a1b7307e0c4d75b9f60edf8085e8282119a9c80,2158
archive/v1/extracted_code/geneva_semi_synthetic_v1/RUN_MAC_LINUX.sh,d1d6989e8e8526b9c282207f74bcc2e3ede9eeea755bbc2612862997677b11ec,363
archive/v1/extracted_code/geneva_semi_synthetic_v1/RUN_WINDOWS.bat,24185434fda1549d70755fd6a00467880d0dfd8fb5813554b2886c4c4324564e,504
archive/v1/extracted_code/geneva_semi_synthetic_v1/config_publication.json,a7f613a0efc7e86949c78ee6d6f37c8508dbf21666957fc62171b30ffd145644,648
archive/v1/extracted_code/geneva_semi_synthetic_v1/dry_run/ENGINE_AUDIT.json,ff4afeda433f84e01e7bb3d68e220dc79d02603a4913496df2e81c96d867293f,420
archive/v1/extracted_code/geneva_semi_synthetic_v1/dry_run/dry_run_QC.json,eebdb6aaf0dfb6b581ee541fb6ca802eca51988836266b7f04fd6c9170038ec2,461
archive/v1/extracted_code/geneva_semi_synthetic_v1/requirements.txt,f597a7827fd2365463000b14d16d53dc96e3cc5dd78664e433d5be541b1d589d,70
archive/v1/extracted_code/geneva_semi_synthetic_v1/scripts/00_fetch_sitg_official.py,cc17be5d009e610ced2f6e56e4625f33d9848d80d24c32ec2391e358d547e02c,1126
archive/v1/extracted_code/geneva_semi_synthetic_v1/scripts/01_validate_prepare_support.py,82960566507dd0622c704793f305c7783a089f55f3ed07c429969371b29c565e,3705
archive/v1/extracted_code/geneva_semi_synthetic_v1/scripts/02_run_semi_synthetic_tbi.py,abcff1cb970810afc448ff75bfd15ed5f47565bc28149e9568613bf98eb665b3,7802
archive/v1/extracted_code/geneva_semi_synthetic_v1/scripts/98_dry_run_engine.py,1439f6a956f1cccec9d3b1671a3647f0336e451e7409595d40c46c0e9e08ead7,2487
archive/v1/extracted_code/geneva_semi_synthetic_v1/scripts/99_make_synthetic_support.py,d7813307b0a5e97be5a2e2382edad5e9180e6b5fd60928074894726b577bf51a,1036
archive/v1/geneva_semi_synthetic_v1.zip,af1da09fc4ede7a5c4f83d3468804a5fb15d588d0ebbfdcec44f9e74a0cf302c,23551
archive/v2/extracted_code/dry_run/v2_application/provenance_manifest.json,bd157ab1678bc4b0fd50352242f7286bac44916c52d098a777ac91db4b415231,737
archive/v2/extracted_code/dry_run/v2_application/results_summary.json,f485bfc03f88469604867e749552e1aec572f0e05624b8d776820f17a7f2a64b,1824
archive/v2/extracted_code/geneva_semi_synthetic_v2/MANUSCRIPT_METHODS_SEMI_SYNTHETIC.md,194329eac31460e114b118cbd3607d8e6dfe082e3bbe4b94c1e8ef1fbba064b9,2906
archive/v2/extracted_code/geneva_semi_synthetic_v2/PREEXECUTION_MANIFEST.json,8e5b42cb2673037346b8ed883370c97cfba14e653d53ecaead7a2cc5bd448335,1218
archive/v2/extracted_code/geneva_semi_synthetic_v2/README.md,26c881796be9432ab925c457399927b6f95cb89931f1d936753c46e4797b120c,3505
archive/v2/extracted_code/geneva_semi_synthetic_v2/RUN_MAC_LINUX.sh,813ee767cb18bdec4bd116bb78987a5b2b2a4aecbec67551adcbfc4c67fa9e17,420
archive/v2/extracted_code/geneva_semi_synthetic_v2/RUN_WINDOWS.bat,93a5b7e540df86b87f06ec8c65656e806aa7e4d4d177ccf6470d189cfb38228e,586
archive/v2/extracted_code/geneva_semi_synthetic_v2/config_publication.json,caf40a62eb9d9eaea9d18292a944fa5fc985403c3659a80e4b84348b532d47d7,792
archive/v2/extracted_code/geneva_semi_synthetic_v2/dry_run/V2_METRIC_CONDITIONING_AUDIT.json,0b0ec0be6e26b710294092265e7de304dda7577b94d633600c400bce95122f29,437
archive/v2/extracted_code/geneva_semi_synthetic_v2/dry_run/config_dry_run_v2.json,3df6ea8c617cf498e2a01be79c673dd08e080bb0c6c2200d5eea4c32e6c25440,823
archive/v2/extracted_code/geneva_semi_synthetic_v2/dry_run/dry_run_QC_v2.json,1993b6175571679f39ff875d26d03aed4ea9b40f9823c9c7352fbf21974c89e2,531
archive/v2/extracted_code/geneva_semi_synthetic_v2/requirements.txt,f597a7827fd2365463000b14d16d53dc96e3cc5dd78664e433d5be541b1d589d,70
archive/v2/extracted_code/geneva_semi_synthetic_v2/scripts/00_fetch_sitg_official.py,53203a9521d4d85eea3e084dd16e96d1a616a9432ee9ea84ce76d7f1068a1d4a,1691
archive/v2/extracted_code/geneva_semi_synthetic_v2/scripts/01_validate_prepare_support.py,634382381e77a095f255eb80a10bf5fa5682d469d26288f5c83f1e092176ddce,5661
archive/v2/extracted_code/geneva_semi_synthetic_v2/scripts/02_run_semi_synthetic_tbi.py,f459f04f49ac897900bdc7f966b612dff09ec962e913e1dc54773eaabfebb0bf,11356
archive/v2/extracted_code/geneva_semi_synthetic_v2/scripts/97_audit_metric_conditioning.py,a84ec4cc055dcad9314bac0871a3b13d920de5c449db03263bb8782ef1fc7eb8,2884
archive/v2/extracted_code/geneva_semi_synthetic_v2/scripts/98_dry_run_engine.py,cb28505b56d5781f5a38eac4412a9f16dbe9f835f54a85217dc590db7b76f903,1691
archive/v2/extracted_code/geneva_semi_synthetic_v2/scripts/99_make_synthetic_support.py,a752b9abbac885be89da7669e56c39174847b5a6cdf17e26d4e97fcef90c9c61,1201
archive/v2/geneva_semi_synthetic_v2.zip,fb26f94abaacbad3c3d4a83c8b8da7fa75fe374513e55e33b4f8e6573e72c344,166090
archive/v3/extracted_code/dry_run/v2_application/provenance_manifest.json,bd157ab1678bc4b0fd50352242f7286bac44916c52d098a777ac91db4b415231,737
archive/v3/extracted_code/dry_run/v2_application/results_summary.json,f485bfc03f88469604867e749552e1aec572f0e05624b8d776820f17a7f2a64b,1824
archive/v3/extracted_code/geneva_semi_synthetic_v3/CURRENT_SITG_SCHEMA_VERIFICATION.json,881204cbf46d06b401b0eb55cc3776fc5469d809f8fb1c0f71c9a7c488a395fc,1496
archive/v3/extracted_code/geneva_semi_synthetic_v3/MANUSCRIPT_METHODS_SEMI_SYNTHETIC.md,194329eac31460e114b118cbd3607d8e6dfe082e3bbe4b94c1e8ef1fbba064b9,2906
archive/v3/extracted_code/geneva_semi_synthetic_v3/PREEXECUTION_MANIFEST.json,c2cc72591489a38948eff1209e2bc9c83b22876dfef1705f7afddf270991ba75,1405
archive/v3/extracted_code/geneva_semi_synthetic_v3/README.md,17df711cfb294737d3f21ec3d0533174c207e04ca7f3b806c26d1687958009db,4089
archive/v3/extracted_code/geneva_semi_synthetic_v3/RUN_MAC_LINUX.sh,813ee767cb18bdec4bd116bb78987a5b2b2a4aecbec67551adcbfc4c67fa9e17,420
archive/v3/extracted_code/geneva_semi_synthetic_v3/RUN_WINDOWS.bat,93a5b7e540df86b87f06ec8c65656e806aa7e4d4d177ccf6470d189cfb38228e,586
archive/v3/extracted_code/geneva_semi_synthetic_v3/config_publication.json,caf40a62eb9d9eaea9d18292a944fa5fc985403c3659a80e4b84348b532d47d7,792
archive/v3/extracted_code/geneva_semi_synthetic_v3/data/SITG_FETCH_AUDIT.json,2e0fce22d3fa5a67cb688655bd12af28f7b969c0cb5b76a3982a81c39ab6b012,2505
archive/v3/extracted_code/geneva_semi_synthetic_v3/dry_run/V2_METRIC_CONDITIONING_AUDIT.json,0b0ec0be6e26b710294092265e7de304dda7577b94d633600c400bce95122f29,437
archive/v3/extracted_code/geneva_semi_synthetic_v3/dry_run/config_dry_run_v2.json,3df6ea8c617cf498e2a01be79c673dd08e080bb0c6c2200d5eea4c32e6c25440,823
archive/v3/extracted_code/geneva_semi_synthetic_v3/dry_run/dry_run_QC_v2.json,1993b6175571679f39ff875d26d03aed4ea9b40f9823c9c7352fbf21974c89e2,531
archive/v3/extracted_code/geneva_semi_synthetic_v3/requirements.txt,f597a7827fd2365463000b14d16d53dc96e3cc5dd78664e433d5be541b1d589d,70
archive/v3/extracted_code/geneva_semi_synthetic_v3/scripts/00_fetch_sitg_official.py,6158b32d571bacdf5e47f20ffc2741e8b9eb22eb910a13c9eb6ca23102718bd2,6679
archive/v3/extracted_code/geneva_semi_synthetic_v3/scripts/01_validate_prepare_support.py,634382381e77a095f255eb80a10bf5fa5682d469d26288f5c83f1e092176ddce,5661
archive/v3/extracted_code/geneva_semi_synthetic_v3/scripts/02_run_semi_synthetic_tbi.py,f459f04f49ac897900bdc7f966b612dff09ec962e913e1dc54773eaabfebb0bf,11356
archive/v3/extracted_code/geneva_semi_synthetic_v3/scripts/97_audit_metric_conditioning.py,a84ec4cc055dcad9314bac0871a3b13d920de5c449db03263bb8782ef1fc7eb8,2884
archive/v3/extracted_code/geneva_semi_synthetic_v3/scripts/98_dry_run_engine.py,cb28505b56d5781f5a38eac4412a9f16dbe9f835f54a85217dc590db7b76f903,1691
archive/v3/extracted_code/geneva_semi_synthetic_v3/scripts/99_make_synthetic_support.py,a752b9abbac885be89da7669e56c39174847b5a6cdf17e26d4e97fcef90c9c61,1201
archive/v3/geneva_semi_synthetic_v3.zip,004e81509aa11e9340b41e4d2955cb3ef7e25d3e68f709026069e87ccd06e816,170253
archive/v4/extracted_code/CURRENT_SITG_SCHEMA_VERIFICATION.json,881204cbf46d06b401b0eb55cc3776fc5469d809f8fb1c0f71c9a7c488a395fc,1496
archive/v4/extracted_code/MANUSCRIPT_METHODS_SEMI_SYNTHETIC.md,64a10490cedb3a83034e4cbf02ba8036b7c9e9a9d3e0736378d851bdbc33a097,3870
archive/v4/extracted_code/POPULATION_NUISANCE_VALIDATION.md,9c5c19434f0b9dbf4c08811eaaebb72bca9e9a4546b1a642858c867edbc40646,3297
archive/v4/extracted_code/PREEXECUTION_MANIFEST.json,b61e5f163e20a520501055aec74037b0ed8acb2be235dfb38df29a7ed675a68e,2317
archive/v4/extracted_code/README.md,d0e4402b00792049d1ce976de465dfbfff9fcc6cdc8674f3a09c3a95f87d4d2e,4960
archive/v4/extracted_code/RUN_MAC_LINUX.sh,813ee767cb18bdec4bd116bb78987a5b2b2a4aecbec67551adcbfc4c67fa9e17,420
archive/v4/extracted_code/RUN_WINDOWS.bat,93a5b7e540df86b87f06ec8c65656e806aa7e4d4d177ccf6470d189cfb38228e,586
archive/v4/extracted_code/config_publication.json,7996b6dac1967c3be88f5cd4cd011f25fd5809fdd1ff966c13344e27d8fbaaa5,1546
archive/v4/extracted_code/data/SITG_FETCH_AUDIT.json,ab25e8442fb775773f5dae5bc3f828a01d5f07e9222db0c4e938abd31e212ff7,2505
archive/v4/extracted_code/dry_run/V4_METRIC_CONDITIONING_AUDIT.json,2f750990fe05b2c444d42803697f3cc6df06952d6f7030bb0ad34a457d40d833,780
archive/v4/extracted_code/dry_run/config_dry_run_v4.json,45e57b53efdbff372cd5a11a90146e4b077ff97b5f89aa9c66c51cebd4ccc934,1581
archive/v4/extracted_code/dry_run/dry_run_QC_v4.json,d94f276e544dd78812da4140bc1eb4b04eaedf0ed706edc798c7e297738d615a,915
archive/v4/extracted_code/dry_run/v4_application/provenance_manifest.json,8e8e4af1aac8a11488127a338e199c35bad008a47ed43daf031f57d5624fabda,1114
archive/v4/extracted_code/dry_run/v4_application/results_summary.json,fb4bc9a0228d40fbfc8c90e597c0515b9ad88166bf07e7251f76a8e03b07098b,2955
archive/v4/extracted_code/requirements.txt,f597a7827fd2365463000b14d16d53dc96e3cc5dd78664e433d5be541b1d589d,70
archive/v4/extracted_code/scripts/00_fetch_sitg_official.py,6158b32d571bacdf5e47f20ffc2741e8b9eb22eb910a13c9eb6ca23102718bd2,6679
archive/v4/extracted_code/scripts/01_validate_prepare_support.py,634382381e77a095f255eb80a10bf5fa5682d469d26288f5c83f1e092176ddce,5661
archive/v4/extracted_code/scripts/02_run_semi_synthetic_tbi.py,d5fc3ad4f1b1875ed2c323ce803cda74c6a9e8ad115d352b3a8c6215ba3c8381,15568
archive/v4/extracted_code/scripts/95_population_nuisance_basis_screen.py,08ffa8fcac94ad493e1c114ef5d12ddab83e360b83cf51051b52407837b4cf04,4721
archive/v4/extracted_code/scripts/96_population_nuisance_calibration.py,cff051b797d0f1d0c617c7ce4ebc8e2e931d11b7d53fd6502c3080eb5885e613,7632
archive/v4/extracted_code/scripts/97_audit_metric_conditioning.py,c4656e5319639dd1c74792f9df08422286511faf5042d66e1b96466192c9e877,4268
archive/v4/extracted_code/scripts/98_dry_run_engine.py,38ed5c4180cd6267486b4f1ba1209c9238864e2d5c5277820d268c566c14e0c3,2448
archive/v4/extracted_code/scripts/99_make_synthetic_support.py,a752b9abbac885be89da7669e56c39174847b5a6cdf17e26d4e97fcef90c9c61,1201
archive/v4/extracted_code/validation_population_nuisance/basis_screen_manifest.json,90d95aee4c1ce1e456340b9ee71a3585fbbc428b96b8ded991d617c018bd30a2,411
archive/v4/extracted_code/validation_population_nuisance/calibration_confirmatory_manifest.json,c796ede830e8cab7dc745a0527b24dd0bb32e3f92166342d4e9bcee6b5143b4d,704
archive/v4/extracted_code/validation_population_nuisance/restricted_basis_checks.json,30865b3519d3595f5d474aafb4df00039e990eae4bcf9baf0d2a9e8fec0bb1f9,144
archive/v4/geneva_semi_synthetic_v4.zip,4fae780c8d2404e577643175283025f9a88cebc7a4d681fce3e2345dada96c70,183973
archive/v5/extracted_code/dry_run/v5_application/provenance_manifest.json,4762d8d63948473416eadd294535c1989d918335f5f8adcc2ff3ac2ee9a59335,1114
archive/v5/extracted_code/dry_run/v5_application/results_summary.json,05972a89ef7f366504250746f96e7366706a859ed3f551e42a609ef4164755e3,2956
archive/v5/extracted_code/geneva_semi_synthetic_v5/CURRENT_SITG_SCHEMA_VERIFICATION.json,881204cbf46d06b401b0eb55cc3776fc5469d809f8fb1c0f71c9a7c488a395fc,1496
archive/v5/extracted_code/geneva_semi_synthetic_v5/MANUSCRIPT_METHODS_SEMI_SYNTHETIC.md,aa21273a3761fef660d2d26dd84e074fc25aeaec68a39b73e8536d84d023253d,5540
archive/v5/extracted_code/geneva_semi_synthetic_v5/MSR_VARIANT_SENSITIVITY.md,3b2a93f8c45d3ee8d69e0cea07fcb17a199e91f40c2e0463917ab0c7b7a35d78,2156
archive/v5/extracted_code/geneva_semi_synthetic_v5/OFFICIAL_SEED_DERIVATION.json,aea50d0646f82f42f4cb0044f8879ba8290d182b708d133057aaf194fe909b4c,1199
archive/v5/extracted_code/geneva_semi_synthetic_v5/OFFICIAL_SEED_GUARDRAIL.md,74d122d275e49f4beb1326d8c024d86a40dc4ceb2ea3d72032855576289e94de,1068
archive/v5/extracted_code/geneva_semi_synthetic_v5/PACKAGE_FILE_HASHES_SHA256.json,009cabfc4cd9ad288edce7d5c2871820bf6eb0a18dd0e951b474e8eac9917aa4,5236
archive/v5/extracted_code/geneva_semi_synthetic_v5/POPULATION_NUISANCE_VALIDATION.md,ececa4f5834bb450769e0cd28b45bb7954c93ba4a9dcfac8001defb23b4dab11,3316
archive/v5/extracted_code/geneva_semi_synthetic_v5/PREEXECUTION_MANIFEST.json,c53ed31b85eb9332516fd8ef0be42cc69c461aa2cb866ad31ff36f585eb6fd96,3297
archive/v5/extracted_code/geneva_semi_synthetic_v5/README.md,3a4499de98bcf34236d86a3ffcaa896bad43ed1a30ea473877ebad0d629d83dc,7089
archive/v5/extracted_code/geneva_semi_synthetic_v5/RUN_MAC_LINUX.sh,813ee767cb18bdec4bd116bb78987a5b2b2a4aecbec67551adcbfc4c67fa9e17,420
archive/v5/extracted_code/geneva_semi_synthetic_v5/RUN_WINDOWS.bat,93a5b7e540df86b87f06ec8c65656e806aa7e4d4d177ccf6470d189cfb38228e,586
archive/v5/extracted_code/geneva_semi_synthetic_v5/config_publication.json,f42f63008f540f63ba423ccce88c443420428d966be801f169501085abb97745,2001
archive/v5/extracted_code/geneva_semi_synthetic_v5/data/SITG_FETCH_AUDIT.json,ab25e8442fb775773f5dae5bc3f828a01d5f07e9222db0c4e938abd31e212ff7,2505
archive/v5/extracted_code/geneva_semi_synthetic_v5/dry_run/V5_BLIND_SEED_GUARD_TEST.json,96fe75f7c2b00d3be321e9b6bcad862007e5a11d3a324154843030f28f78ff20,476
archive/v5/extracted_code/geneva_semi_synthetic_v5/dry_run/V5_METRIC_CONDITIONING_AUDIT.json,2f750990fe05b2c444d42803697f3cc6df06952d6f7030bb0ad34a457d40d833,780
archive/v5/extracted_code/geneva_semi_synthetic_v5/dry_run/config_dry_run_v5.json,2566276478868089678d55167d85e05f5998e8db85832d2ed51333dc38134794,2215
archive/v5/extracted_code/geneva_semi_synthetic_v5/dry_run/dry_run_QC_v5.json,a390ba7edbb1a0849d1b823033f5910a18245e7a905e1d264f6124060b6ce416,727
archive/v5/extracted_code/geneva_semi_synthetic_v5/dry_run/synthetic_support_NOT_GENEVA.geojson,88055789dbbefd3508e8aa6042efae8c1a827a027141628a96d7d1143927a6ad,73955
archive/v5/extracted_code/geneva_semi_synthetic_v5/requirements.txt,f597a7827fd2365463000b14d16d53dc96e3cc5dd78664e433d5be541b1d589d,70
archive/v5/extracted_code/geneva_semi_synthetic_v5/scripts/00_fetch_sitg_official.py,362a3329345a99eef94b66978be64c278bf5e58d5dc734e5d5625a19408e8506,6679
archive/v5/extracted_code/geneva_semi_synthetic_v5/scripts/01_validate_prepare_support.py,634382381e77a095f255eb80a10bf5fa5682d469d26288f5c83f1e092176ddce,5661
archive/v5/extracted_code/geneva_semi_synthetic_v5/scripts/02_run_semi_synthetic_tbi.py,03c1a8461717650752ea73b80fdfa354a5d7b1314224665b34b5f0eef92e1b98,15930
archive/v5/extracted_code/geneva_semi_synthetic_v5/scripts/93_verify_official_seed_derivation.py,2237d5bb2b656969bf6e732fd59fd3913752fb3bfaac78e0757ff0a08e716c93,1034
archive/v5/extracted_code/geneva_semi_synthetic_v5/scripts/94_msr_variant_sensitivity.py,d9c83660496c924f045d146454dd98659add6269c9d3592854a119be560b7410,6852
archive/v5/extracted_code/geneva_semi_synthetic_v5/scripts/95_population_nuisance_basis_screen.py,08ffa8fcac94ad493e1c114ef5d12ddab83e360b83cf51051b52407837b4cf04,4721
archive/v5/extracted_code/geneva_semi_synthetic_v5/scripts/96_population_nuisance_calibration.py,cff051b797d0f1d0c617c7ce4ebc8e2e931d11b7d53fd6502c3080eb5885e613,7632
archive/v5/extracted_code/geneva_semi_synthetic_v5/scripts/97_audit_metric_conditioning.py,d81e50d3ae9b6506195b64c621703ccffc54fdd8a5e0cc44ae5c9f7e441ec806,4268
archive/v5/extracted_code/geneva_semi_synthetic_v5/scripts/98_dry_run_engine.py,fad3eb055b3a11b51f822109dfc5ce47208df9a00b99ff1c584aea864311d0d0,2708
archive/v5/extracted_code/geneva_semi_synthetic_v5/scripts/99_make_synthetic_support.py,a752b9abbac885be89da7669e56c39174847b5a6cdf17e26d4e97fcef90c9c61,1201
archive/v5/extracted_code/geneva_semi_synthetic_v5/validation_msr_variant/msr_variant_manifest.json,3dad9cb353ef3208629b6ee7892b4a58d19106c2c95a2b5e84eb35f6ce5ad9f4,1058
archive/v5/extracted_code/geneva_semi_synthetic_v5/validation_msr_variant/retired_v4_seed_audit.json,1ee70ea8e54b7f145cc72741d98800c0a70e6d79974468c563468b12e75fc9aa,997
archive/v5/extracted_code/geneva_semi_synthetic_v5/validation_population_nuisance/basis_screen_manifest.json,90d95aee4c1ce1e456340b9ee71a3585fbbc428b96b8ded991d617c018bd30a2,411
archive/v5/extracted_code/geneva_semi_synthetic_v5/validation_population_nuisance/calibration_confirmatory_manifest.json,c796ede830e8cab7dc745a0527b24dd0bb32e3f92166342d4e9bcee6b5143b4d,704
archive/v5/extracted_code/geneva_semi_synthetic_v5/validation_population_nuisance/restricted_basis_checks.json,30865b3519d3595f5d474aafb4df00039e990eae4bcf9baf0d2a9e8fec0bb1f9,144
archive/v5/geneva_semi_synthetic_v5.zip,7d60e4ded4c5ede04e39a6d03518e38990ccd8a30bb1cdee95ec044f2a87efc8,303176
configs/BUNDLE_FILE_HASHES_SHA256.json,aa72854ae07136d62e0947346d958b91bf387ee02b055f04332b795b731d1445,5083
configs/FROZEN_MEM_BASIS_MSR_AUDIT.npz,c09bc05d33be9c17a9a08dea9c322d080ec372dc1386b94f8ee2bc18d6cc0b47,191664
configs/FROZEN_MEM_BASIS_OFFICIAL_GENEVA.npz,126ea33a9a153c5bc31c47569523a272c39cb8f71bd26bb3fa98c46b2bb99a2f,1771010
configs/OFFICIAL_RUN_MANIFEST.json,b18e228334e32ab19783d998a4e460e5a1e5d12c0e6b9160fd16936a2f90379e,1646
configs/OFFICIAL_SEED_DERIVATION.json,aea50d0646f82f42f4cb0044f8879ba8290d182b708d133057aaf194fe909b4c,1199
configs/config_publication.json,f42f63008f540f63ba423ccce88c443420428d966be801f169501085abb97745,2001
data/README.md,27f5e738c50202c6e85becb1c855023cb4cad3043fac4f253ee2c3a3c70058b4,938
data/official_support/prepared_support.geojson,4dc97da77f16ae5170030eb64bb84be31b06e812e1ec1579be7dffbde2b59d4d,3043045
data/official_support/support_denominators.csv,cded37b9b69b7e05bbc4c9c86729aea7a1516b480efa2fae127188736517c3eb,45951
docs/AI_DISCLOSURE_FOR_SUBMISSION.md,5e96f4c6e7514d9a3670a03e40ff68c60fccf56688d199456f60c90f5bb4c1ba,1554
docs/CODE_PROVENANCE.md,6725f4b982c142bc993dd931758e05afc82d1e28f288424127ac1922d9b6baea,1989
docs/MANUSCRIPT_CODE_MAP.md,d124ee6deb91924336df7a97d591f391be9d41d0cf0fc2da355f69fcca84204f,1332
docs/MANUSCRIPT_METHODS_SEMI_SYNTHETIC.md,aa21273a3761fef660d2d26dd84e074fc25aeaec68a39b73e8536d84d023253d,5540
docs/MSR_VARIANT_SENSITIVITY.md,3b2a93f8c45d3ee8d69e0cea07fcb17a199e91f40c2e0463917ab0c7b7a35d78,2156
docs/OFFICIAL_SEED_GUARDRAIL.md,74d122d275e49f4beb1326d8c024d86a40dc4ceb2ea3d72032855576289e94de,1068
docs/OPEN_RELEASE_CHECKLIST.md,67d716dd62a944f3efc220de9fc8e69b2343186d647f0288f673df5992189157,860
docs/POPULATION_NUISANCE_VALIDATION.md,ececa4f5834bb450769e0cd28b45bb7954c93ba4a9dcfac8001defb23b4dab11,3316
docs/REPRODUCIBILITY.md,dc41ab7fa608107b85e2f90ea69208612a023fc94cb01d5c870db1a3b89d7095,1313
docs/REPRODUCIBILITY_FIX_2026-09-13.md,3738068abda5b71a2505e7e1f51d596cb748095e443454fbf17e0fdd9e271009,4943
docs/audit/Spatial_Concordance_Methodological_Development_Living_Table_v27.xlsx,25c5d939c82d5752c68d37b9a5b28d15d6375bb16bafbba48b01929510648d12,85561
environment-lock-reproducibility.txt,0b08b5516398ae5c6949d81bceafe708d146c68fd5a8ddeff85853d2a223f31b,253
environment.yml,ad353c55a348436f770782c58d8c294ea931df956010b3075382b2c6da681a9f,295
examples_quickstart.py,b8dd0aba874d6d20f710b6a9af68d8e92a861ea99cea69712cf75f17eafe2f6d,859
pyproject.toml,c9c0ad242c48f40aafbac1224af8ba011b08a81bffb6145e332b1aca9feec745,597
reference_outputs/CRS_TRANSFORMATION_AUDIT.json,439065007a1dd86cac60e30431c3dc883d0f958bfaed06fad02e3aa7c0f83365,881
reference_outputs/OFFICIAL_BUNDLE_SHA256.txt,21a805d10c6d525ed56248ae6f3f4193acd6ce02c05b249c1049efd72556da15,129
reference_outputs/SEED_VERIFICATION.json,ae48d204edbf76717c04e690577941eeb43d12b655067738a5bfd5aa77c1bf04,368
reference_outputs/V5_METRIC_CONDITIONING_AUDIT.json,2f750990fe05b2c444d42803697f3cc6df06952d6f7030bb0ad34a457d40d833,780
reference_outputs/canonical_benchmark_v1/canonical_benchmark_manifest.json,bae534180ed8969fc2057c240f34831d92cf672c2ecab6a390a971f6c2508323,1361
reference_outputs/canonical_benchmark_v1/canonical_benchmark_replicates.csv,c151a9635bc539600be1750de8051b1e0b5d06e6a8e1b2b13bcd17de0bc0aa4f,1630374
reference_outputs/canonical_benchmark_v1/canonical_benchmark_summary.csv,5066a12f6dfa646fc4797d752ecd315e8f6d7a73bb87c9ef4758a4b59d7d041a,2585
reference_outputs/msr_variant_v2/health_like_rho0.00_replicates_reproduced.csv,d9025e6ebdcca9238d95d66ab3c8e884f54fa7b0e462472e5e5d22216ef2943f,91487
reference_outputs/msr_variant_v2/health_like_rho0.50_replicates_reproduced.csv,3ce32dadf4b714e19697f59836a5abee7c034bd7f60ca3f812863d904d03e154,107677
reference_outputs/msr_variant_v2/health_like_rho0.65_replicates_reproduced.csv,52bc1a595895182694e8190b1d8bfa5ed44a3525b6e27ed73fd0a6e5717ad5fd,113450
reference_outputs/msr_variant_v2/manifest.json,7b4502eebd076acc665809ea45763542ec4b510f7af3ba2ea823c427a149cc1b,558
reference_outputs/msr_variant_v2/msr_variant_manifest_v2.json,accb6ca647794548af864169fadbe031a10e6897e262d0c1acfd6552ddae3b08,661
reference_outputs/msr_variant_v2/msr_variant_summary_v2.csv,0d456c80754e6fe2ab75256e23c1ba15e640fd6319777a8a04572a4d60f0b192,1186
reference_outputs/msr_variant_v3/README.md,9cc1d429a0c16f502e3e39de237156185214afde3d729bedb91745919ed1bc61,949
reference_outputs/msr_variant_v3/health_like_rho0.00_replicates_reproduced.csv,f5f756ff7ee2f965239e0a0b1ed6fcf97aa9e7e83cc43f208a1fec9352a3d052,44351
reference_outputs/msr_variant_v3/health_like_rho0.50_replicates_reproduced.csv,4dbd3de56bd2593975bbcb8596cd40e2403a5aa74b21857ced45573651c048fa,52737
reference_outputs/msr_variant_v3/health_like_rho0.65_replicates_reproduced.csv,195ab0355a5d3945cc1d11b104e720e12a9b96610c3b48fa37037584dac999ae,54744
reference_outputs/msr_variant_v3/msr_variant_reproduction_manifest.json,0870b2acf0fdbbcea3443aaa24f44ababbcfc4b949dda9ae033d4c6e2e5a71e1,991
reference_outputs/msr_variant_v3/msr_variant_summary_reproduced.csv,ff7abfd4147761a60f280f26af92af199a9266905bb4d392e9fde31ad4bb30cd,1193
reference_outputs/msr_variant_v3/msr_variant_summary_v3.csv,ff7abfd4147761a60f280f26af92af199a9266905bb4d392e9fde31ad4bb30cd,1193
reference_outputs/population_nuisance_basis_v2/asymmetric_cubic_replicates.csv,bddbc3fd9c9ff8b80d53b05c984c6ebb8ed48fd51deef2981018e0ece035cf3b,14928
reference_outputs/population_nuisance_basis_v2/linear_application_replicates.csv,82edd2bc4dce145b8328b53ba8bb26b308c5b41fbea04e096867e3e3c85afc4a,13695
reference_outputs/population_nuisance_basis_v2/linear_moderate_replicates.csv,55323090071b3eda574c019c4627d8976f215b21e079993d4b973c5e21402a89,14277
reference_outputs/population_nuisance_basis_v2/manifest.json,90d95aee4c1ce1e456340b9ee71a3585fbbc428b96b8ded991d617c018bd30a2,411
reference_outputs/population_nuisance_basis_v2/quadratic_replicates.csv,cd656db8388cdbb0b51d6291535a914487bf784fa54389c05c15f5fc604dc6c8,15132
reference_outputs/population_nuisance_basis_v2/saturating_replicates.csv,1193fefb66b3f160796a5c9ba516422d71929e0b1f6d300f0fbd3dfcbdb3bd51,14140
reference_outputs/population_nuisance_basis_v2/soft_threshold_replicates.csv,56f0c31061ec6fb5c2c1751141495e11f04d123f08d984acd9aec4e0f404e475,13839
reference_outputs/population_nuisance_basis_v2/summary.csv,921b8f0e924488803dca75cc47d7826c31c01fe1d1a2d46395f31edd24381657,2187
reference_outputs/population_nuisance_v1/basis_screen_summary.csv,921b8f0e924488803dca75cc47d7826c31c01fe1d1a2d46395f31edd24381657,2187
reference_outputs/population_nuisance_v1/calibration_confirmatory_summary.csv,76175b1d7fbf569538c8358e88783f15a25a7042d92823e6562008e56e6b73ff,1594
reference_outputs/population_nuisance_v2/application_scale_linear_replicates.csv,023aa9dd231001af89e6c605e131b6d11db8524125176d1c5c67cb2066f48923,55196
reference_outputs/population_nuisance_v2/manifest.json,c796ede830e8cab7dc745a0527b24dd0bb32e3f92166342d4e9bcee6b5143b4d,704
reference_outputs/population_nuisance_v2/moderate_linear_replicates.csv,68eec99aefd6fbb8765a8d551b2fd274c9633336761b0854a480bec2bbf8f2de,58281
reference_outputs/population_nuisance_v2/nonlinear_misspecification_replicates.csv,c9b525bbb8690600a8d92a89aac241431b45c35e800c505c45319fba3edbf836,63508
reference_outputs/population_nuisance_v2/restricted_basis_checks.json,88058b7088a4c18e64b52b08260a81b5f6d41e50dc095ced832173c268666a58,143
reference_outputs/population_nuisance_v2/summary.csv,76175b1d7fbf569538c8358e88783f15a25a7042d92823e6562008e56e6b73ff,1594
reference_outputs/provenance_manifest.json,1b11ba89b28ce80a9241834bc7f424e6bebbc754bf4d8a54a89208d3de6fa421,1117
reference_outputs/release_v0.2.0_hash_manifest.json,b186f263b8228303e2b18da9a7543c3ecc519295b8e9a16ddae194f5478fd287,1898
reference_outputs/results_summary.json,877ac81da775efde18f439dd023e18506b96dfc4687e5abc3a0346824f96382d,3005
reference_outputs/reverse_direction_results.json,fdd46c4d709daa15a6a069c88d08c3a0d5f3fb412fbe34f49c1898d8833a49d4,632
reference_outputs/semi_synthetic_unit_results.csv,109e2a0018fbeef0f3751c1f6d96924530a987b92a3cd4e0c270af32199313df,122779
reference_outputs/support_manifest.json,ec5efd24677c0d1f4e9ec5905bebbc6d9f84d7f748c314cecacf9b61b04cc303,916
reference_outputs/verification_report_v2.json,4a5e02cf62f5d859d75a1f47242802c556875111bbf2036519bbdafc526fcdea,122637
requirements-lock.txt,1f7e051b8b9c29ae5639f57bd46f332400ba9c96302bcbac6a9e43db8d4ec4ce,312
requirements.txt,10b4578881528769de740d3bb787ec46dcd1bf363fb5801e4c299d798d068ead,140
scripts/figures/make_documented_summary_figures.py,1045801e6f26a68f20ca8aeed493b04a1ee517ca10f868eb727e7d9dd5a39bf3,2446
scripts/official_application/00_fetch_sitg_official.py,362a3329345a99eef94b66978be64c278bf5e58d5dc734e5d5625a19408e8506,6679
scripts/official_application/01_validate_prepare_support.py,634382381e77a095f255eb80a10bf5fa5682d469d26288f5c83f1e092176ddce,5661
scripts/official_application/02_run_semi_synthetic_tbi.py,1053098c75b97425f11fee147727eed1e368659752f75a735ed1193bf6edf361,16594
scripts/official_application/03_freeze_mem_basis.py,3a866724f14f22141ad6ff49f1b65ebb64d5f3f5042503fb863fbd5e1c4fec6b,1509
scripts/official_application/03b_freeze_msr_audit_basis.py,ee2084bef9847e3c21a3f0346df94d484626e9164659bf96968d3cd5f05b88c7,2207
scripts/official_application/11_verify_reverse_direction.py,25cefe4ac9bae11a31b6cafdd2e3d87f2b36450438466fcd697bcb58540b2658,3515
scripts/official_application/93_verify_official_seed_derivation.py,7b14a9c3d44fd399e4f608aa2a7480058860e791cc8039fd4e0b4538b45c59da,1063
scripts/official_application/94_msr_variant_sensitivity.py,d2dea8b60ce806c48926bd218f326364ed28278097fc6e023830606a28f4882b,8200
scripts/official_application/95_population_nuisance_basis_screen.py,ac5462087c850c20ba35f0d74e1e21d9043f1cad9824e2329c1ab01b6a7000f2,4927
scripts/official_application/96_population_nuisance_calibration.py,77c9631401120ce3f78a6aaae2c59e7b5c1c532d7c8f7a3a2aca9e9500e1f228,7824
scripts/official_application/97_audit_metric_conditioning.py,e05a3b2afbd7171ca6e8d574daf8a0c296f269d745b4c0f4a696fa2276701993,4313
scripts/official_application/98_dry_run_engine.py,fad3eb055b3a11b51f822109dfc5ce47208df9a00b99ff1c584aea864311d0d0,2708
scripts/official_application/99_make_synthetic_support.py,a752b9abbac885be89da7669e56c39174847b5a6cdf17e26d4e97fcef90c9c61,1201
scripts/reference_simulations/01_fixed_mass_demo.py,4fb14dc4c9e301b4605eccbe42bdb443232d0331a04cbc35cb8478680083811b,958
scripts/reference_simulations/02_variable_mass_demo.py,aaa07ee2b70164930396ebf0ec666cbb9beba74c2815a8a690028c19a24dc9e3,1257
scripts/reference_simulations/03_exactN_healthlike_demo.py,ce3c0ad59c832ee46513a1d5f73cc1db91a2e102e1e5143e1fe4d0e94c401c77,892
scripts/reference_simulations/10_canonical_operator_target_benchmark.py,a0e17d1a6e507be1f026b11e59d4d15527df099d2680088a6063709e2021a0e3,9893
scripts/reference_simulations/README.md,779f760c49a5d7d9225968d47e450841a3e39e446dd6e860689f00a7f64f79b9,468
scripts/run_all_confirmatory.py,0321aa68dc280bb22665122cee178f35eba0691f186d3731f17e41f7133c9e1c,4855
scripts/verify_frozen_release.py,d5382bc8a334633f5df693f93d283324e4266e27872b90d833984fd7d272cd17,1890
src/sci/__init__.py,70d824ae7f160fba70644c98c5a51ca83b4192e10d643622657bb23f392ba0a9,443
src/sci/metrics.py,f9cd9f0f28aa32a6050688baba7837f406c060926768ee06727ae9d6d4c4a90b,1051
src/sci/nuisance.py,300692290511058ad41943acb1577a71f371b22b22ca0ffbbe0f229d445f474c,1114
src/sci/patterns.py,898662af86e6bc7205deef3152d31ecb527b60a0eb6a9558d043fb5b447909f8,670
src/sci/simulate.py,ee2c5b555e4fe5f75690c0636b6bee8bc7154acc983db6ee87740d411667b2c3,1555
src/sci/spatial.py,101122bd5d3be9035eebeddf84868f199a701cc20faa1937dd9926ce6414d3a1,2455
tests/test_core.py,6e6afb9ccd4c2ad01d2c5aeb05b6d38f0f06aad50b2d2c074f45b9e2828123fc,992
